<?xml version="1.0" encoding="UTF-8"?>
<project-private xmlns="http://www.netbeans.org/ns/project-private/1">
    <editor-bookmarks xmlns="http://www.netbeans.org/ns/editor-bookmarks/2" lastBookmarkId="0"/>
    <open-files xmlns="http://www.netbeans.org/ns/projectui-open-files/2">
        <group>
            <file>file:/C:/Users/SofiaNuevo/Documents/NetBeansProjects/Barstock/src/java/Pruebas/PruebaConexion.java</file>
            <file>file:/C:/Users/SofiaNuevo/Documents/NetBeansProjects/Barstock/src/java/Controlador/Conexion.java</file>
            <file>file:/C:/Users/SofiaNuevo/Documents/NetBeansProjects/Barstock/src/java/Controlador/CategoriaDAO.java</file>
            <file>file:/C:/Users/SofiaNuevo/Documents/NetBeansProjects/Barstock/src/java/Controlador/EstadoPedidoDAO.java</file>
            <file>file:/C:/Users/SofiaNuevo/Documents/NetBeansProjects/Barstock/src/java/Controlador/EstadosPagDAO.java</file>
            <file>file:/C:/Users/SofiaNuevo/Documents/NetBeansProjects/Barstock/src/java/Controlador/MesaDAO.java</file>
            <file>file:/C:/Users/SofiaNuevo/Documents/NetBeansProjects/Barstock/src/java/Controlador/MetodosPagoDAO.java</file>
            <file>file:/C:/Users/SofiaNuevo/Documents/NetBeansProjects/Barstock/src/java/Controlador/MovimientoStockDAO.java</file>
            <file>file:/C:/Users/SofiaNuevo/Documents/NetBeansProjects/Barstock/src/java/Controlador/PagosDAO.java</file>
            <file>file:/C:/Users/SofiaNuevo/Documents/NetBeansProjects/Barstock/src/java/Controlador/PedidoCabeceraDAO.java</file>
            <file>file:/C:/Users/SofiaNuevo/Documents/NetBeansProjects/Barstock/src/java/Controlador/ProductosDAO.java</file>
            <file>file:/C:/Users/SofiaNuevo/Documents/NetBeansProjects/Barstock/src/java/Controlador/SeguimientoPedidoDAO.java</file>
            <file>file:/C:/Users/SofiaNuevo/Documents/NetBeansProjects/Barstock/src/java/Controlador/TipoDocumentosDAO.java</file>
            <file>file:/C:/Users/SofiaNuevo/Documents/NetBeansProjects/Barstock/src/java/Controlador/UsuariosDAO.java</file>
            <file>file:/C:/Users/SofiaNuevo/Documents/NetBeansProjects/Barstock/src/java/Pruebas/Insertar/PruebaInsertarCategoria.java</file>
            <file>file:/C:/Users/SofiaNuevo/Documents/NetBeansProjects/Barstock/src/java/Pruebas/Insertar/PruebaInsertarProductos.java</file>
            <file>file:/C:/Users/SofiaNuevo/Documents/NetBeansProjects/Barstock/src/java/Pruebas/Insertar/PruebaInsertarSeguimientoPedido.java</file>
            <file>file:/C:/Users/SofiaNuevo/Documents/NetBeansProjects/Barstock/src/java/Pruebas/Insertar/PruebaInsertarTipoDocumentos.java</file>
            <file>file:/C:/Users/SofiaNuevo/Documents/NetBeansProjects/Barstock/src/java/Pruebas/Insertar/PruebaInsertarUsuarios.java</file>
            <file>file:/C:/Users/SofiaNuevo/Documents/NetBeansProjects/Barstock/src/java/Pruebas/Eliminar/PruebaCategoriaEliminar.java</file>
            <file>file:/C:/Users/SofiaNuevo/Documents/NetBeansProjects/Barstock/src/java/Pruebas/Eliminar/PruebaEstadoPagoEliminar.java</file>
            <file>file:/C:/Users/SofiaNuevo/Documents/NetBeansProjects/Barstock/src/java/Pruebas/Eliminar/PruebaEstagoPagEliminar.java</file>
            <file>file:/C:/Users/SofiaNuevo/Documents/NetBeansProjects/Barstock/src/java/Pruebas/Eliminar/PruebaMesaEliminar.java</file>
            <file>file:/C:/Users/SofiaNuevo/Documents/NetBeansProjects/Barstock/src/java/Pruebas/Eliminar/PruebaMetodosDePagoEliminar.java</file>
            <file>file:/C:/Users/SofiaNuevo/Documents/NetBeansProjects/Barstock/src/java/Pruebas/Eliminar/PruebaMovimientoStockEliminar.java</file>
            <file>file:/C:/Users/SofiaNuevo/Documents/NetBeansProjects/Barstock/src/java/Pruebas/Eliminar/PruebaPagosEliminar.java</file>
            <file>file:/C:/Users/SofiaNuevo/Documents/NetBeansProjects/Barstock/src/java/Pruebas/Eliminar/PruebaPedidoCabeceraEliminar.java</file>
            <file>file:/C:/Users/SofiaNuevo/Documents/NetBeansProjects/Barstock/src/java/Pruebas/Eliminar/PruebaProductosEliminar.java</file>
            <file>file:/C:/Users/SofiaNuevo/Documents/NetBeansProjects/Barstock/src/java/Pruebas/Eliminar/PruebaSeguimientoPedidoEliminar.java</file>
            <file>file:/C:/Users/SofiaNuevo/Documents/NetBeansProjects/Barstock/src/java/Pruebas/Eliminar/PruebaTipoDeDocumentoEliminar.java</file>
            <file>file:/C:/Users/SofiaNuevo/Documents/NetBeansProjects/Barstock/src/java/Pruebas/Eliminar/PruebaUsuariosEliminar.java</file>
        </group>
    </open-files>
</project-private>
